<?xml version="1.0" encoding="UTF-8"?>
<project-private xmlns="http://www.netbeans.org/ns/project-private/1">
    <data xmlns="http://www.netbeans.org/ns/make-project-private/1">
        <activeConfTypeElem>1</activeConfTypeElem>
        <activeConfIndexElem>0</activeConfIndexElem>
    </data>
    <editor-bookmarks xmlns="http://www.netbeans.org/ns/editor-bookmarks/2" lastBookmarkId="0"/>
    <open-files xmlns="http://www.netbeans.org/ns/projectui-open-files/2">
        <group>
            <file>file:/Users/gin/Dropbox/aulas/Tarcísio%20Prata/Projeto%20FInal/Trunfo/Baralho.cpp</file>
            <file>file:/Users/gin/Dropbox/aulas/Tarcísio%20Prata/Projeto%20FInal/Trunfo/tests/newtestclass.h</file>
            <file>file:/Users/gin/Dropbox/aulas/Tarcísio%20Prata/Projeto%20FInal/Trunfo/Carta.cpp</file>
            <file>file:/Users/gin/Dropbox/aulas/Tarcísio%20Prata/Projeto%20FInal/Trunfo/TipoCarta.h</file>
            <file>file:/Users/gin/Dropbox/aulas/Tarcísio%20Prata/Projeto%20FInal/Trunfo/main.cpp</file>
            <file>file:/Users/gin/Dropbox/aulas/Tarcísio%20Prata/Projeto%20FInal/Trunfo/Carta.h</file>
            <file>file:/Users/gin/Dropbox/aulas/Tarcísio%20Prata/Projeto%20FInal/Trunfo/Carro.h</file>
            <file>file:/Users/gin/Dropbox/aulas/Tarcísio%20Prata/Projeto%20FInal/Trunfo/Baralho.h</file>
            <file>file:/Users/gin/Dropbox/aulas/Tarcísio%20Prata/Projeto%20FInal/Trunfo/tests/newtestclass.cpp</file>
            <file>file:/Users/gin/Dropbox/aulas/Tarcísio%20Prata/Projeto%20FInal/Trunfo/Carro.cpp</file>
        </group>
    </open-files>
</project-private>
