<?xml version="1.0" encoding="UTF-8"?>
<configurationDescriptor version="100">
  <logicalFolder name="root" displayName="root" projectFiles="true" kind="ROOT">
    <logicalFolder name="HeaderFiles"
                   displayName="Header Files"
                   projectFiles="true">
      <itemPath>Baralho.h</itemPath>
      <itemPath>Carro.h</itemPath>
      <itemPath>Carta.h</itemPath>
      <itemPath>TipoCarta.h</itemPath>
    </logicalFolder>
    <logicalFolder name="ResourceFiles"
                   displayName="Resource Files"
                   projectFiles="true">
      <itemPath>baralho.txt</itemPath>
    </logicalFolder>
    <logicalFolder name="SourceFiles"
                   displayName="Source Files"
                   projectFiles="true">
      <itemPath>Baralho.cpp</itemPath>
      <itemPath>Carro.cpp</itemPath>
      <itemPath>Carta.cpp</itemPath>
      <itemPath>main.cpp</itemPath>
    </logicalFolder>
    <logicalFolder name="TestFiles"
                   displayName="Test Files"
                   projectFiles="false"
                   kind="TEST_LOGICAL_FOLDER">
      <logicalFolder name="f1"
                     displayName="UnitTesting"
                     projectFiles="true"
                     kind="TEST">
        <itemPath>tests/newtestclass.cpp</itemPath>
        <itemPath>tests/newtestclass.h</itemPath>
        <itemPath>tests/newtestrunner.cpp</itemPath>
      </logicalFolder>
    </logicalFolder>
    <logicalFolder name="ExternalFiles"
                   displayName="Important Files"
                   projectFiles="false"
                   kind="IMPORTANT_FILES_FOLDER">
      <itemPath>Makefile</itemPath>
    </logicalFolder>
  </logicalFolder>
  <projectmakefile>Makefile</projectmakefile>
  <confs>
    <conf name="Debug" type="1">
      <toolsSet>
        <compilerSet>default</compilerSet>
        <dependencyChecking>true</dependencyChecking>
        <rebuildPropChanged>false</rebuildPropChanged>
      </toolsSet>
      <compileType>
        <ccTool>
          <standard>8</standard>
        </ccTool>
      </compileType>
      <item path="Baralho.cpp" ex="false" tool="1" flavor2="0">
      </item>
      <item path="Baralho.h" ex="false" tool="3" flavor2="0">
      </item>
      <item path="Carro.cpp" ex="false" tool="1" flavor2="0">
      </item>
      <item path="Carro.h" ex="false" tool="3" flavor2="0">
      </item>
      <item path="Carta.cpp" ex="false" tool="1" flavor2="0">
      </item>
      <item path="Carta.h" ex="false" tool="3" flavor2="0">
      </item>
      <item path="TipoCarta.h" ex="false" tool="3" flavor2="0">
      </item>
      <item path="baralho.txt" ex="false" tool="3" flavor2="0">
      </item>
      <folder path="TestFiles/f1">
        <cTool>
          <commandLine>`cppunit-config --cflags`</commandLine>
        </cTool>
        <ccTool>
          <commandLine>`cppunit-config --cflags`</commandLine>
        </ccTool>
        <linkerTool>
          <output>${TESTDIR}/TestFiles/f1</output>
          <linkerLibItems>
            <linkerOptionItem>`cppunit-config --libs`</linkerOptionItem>
          </linkerLibItems>
          <commandLine>-lcppunit</commandLine>
        </linkerTool>
      </folder>
      <item path="main.cpp" ex="false" tool="1" flavor2="0">
      </item>
      <item path="tests/newtestclass.cpp" ex="false" tool="1" flavor2="0">
      </item>
      <item path="tests/newtestclass.h" ex="false" tool="3" flavor2="0">
      </item>
      <item path="tests/newtestrunner.cpp" ex="false" tool="1" flavor2="0">
      </item>
    </conf>
    <conf name="Release" type="1">
      <toolsSet>
        <compilerSet>default</compilerSet>
        <dependencyChecking>true</dependencyChecking>
        <rebuildPropChanged>false</rebuildPropChanged>
      </toolsSet>
      <compileType>
        <cTool>
          <developmentMode>5</developmentMode>
        </cTool>
        <ccTool>
          <developmentMode>5</developmentMode>
          <standard>8</standard>
        </ccTool>
        <fortranCompilerTool>
          <developmentMode>5</developmentMode>
        </fortranCompilerTool>
        <asmTool>
          <developmentMode>5</developmentMode>
        </asmTool>
      </compileType>
      <item path="Baralho.cpp" ex="false" tool="1" flavor2="0">
      </item>
      <item path="Baralho.h" ex="false" tool="3" flavor2="0">
      </item>
      <item path="Carro.cpp" ex="false" tool="1" flavor2="0">
      </item>
      <item path="Carro.h" ex="false" tool="3" flavor2="0">
      </item>
      <item path="Carta.cpp" ex="false" tool="1" flavor2="0">
      </item>
      <item path="Carta.h" ex="false" tool="3" flavor2="0">
      </item>
      <item path="TipoCarta.h" ex="false" tool="3" flavor2="0">
      </item>
      <item path="baralho.txt" ex="false" tool="3" flavor2="0">
      </item>
      <folder path="TestFiles/f1">
        <cTool>
          <commandLine>`cppunit-config --cflags`</commandLine>
        </cTool>
        <ccTool>
          <commandLine>`cppunit-config --cflags`</commandLine>
        </ccTool>
        <linkerTool>
          <output>${TESTDIR}/TestFiles/f1</output>
          <linkerLibItems>
            <linkerOptionItem>`cppunit-config --libs`</linkerOptionItem>
          </linkerLibItems>
        </linkerTool>
      </folder>
      <item path="main.cpp" ex="false" tool="1" flavor2="0">
      </item>
      <item path="tests/newtestclass.cpp" ex="false" tool="1" flavor2="0">
      </item>
      <item path="tests/newtestclass.h" ex="false" tool="3" flavor2="0">
      </item>
      <item path="tests/newtestrunner.cpp" ex="false" tool="1" flavor2="0">
      </item>
    </conf>
  </confs>
</configurationDescriptor>
